0,1
Empty,GTGCGTTGCTAGTACCAACCTA
Bcl6(H),GCTGTCAAAGAGAAGGCTTTA
CD86,GCACAGAGAAACTTGATAGTGT
CD40,GCACACTCAACCTTTATATTTAC
TNF-α,GCACAACCAACTAGTGGTGCTT
ship,GGAAGTCATCAGGACTCTGCA
FcγRIIB（shRNA-2),GAGGGATGCTGTAGATATTAAA
AID,GCGAGATGCATTTCGTATGTT
EFhd2,GCGTTTGCCTCAGCGGATA
EFNB1,GCACTGTGCTTGATCCCAAT
Arhgap11a-11,GCAGCAATCTTGCAGTAATAT
Arhgap11a-21,GCTCGTCATCAGTGTAAATAA
Arhgap11a-31,GAGCAATCTTGCAGTAATATTT
Arhgap11a-41,GCCAAAGTCAGTCGTAAAGAAA
Arhgap11a-51,GCCTTTGGATGATCTCACGAAT
Pask-11,GTGAGGGCGAGTACGACTATA
Pask-21,GCTGCCAGATGGCACAATTTA
Pask-31,GAGCAGTGTGGACACGTGTAAT
Pask-41,GCCAGTCCTTAAAGAACATTTA
Pask-51,GCCTGAGGTTCTCATTGGAAAT
Rgs9-11,GCCCAAGAAAGTAGCCAACTTT
Rgs9-21,GCCCAAGTGCATTAGGATAATA
Rgs9-31,GCCTTCCAAGCAATCCTTGGAT
Rgs9-41,GCCGATTTCAGACGCCATATTT
Rgs9-51,GCCTGGAATGAACAATGTGTTA
BC017612-11,GTGGTCTTTGACTTGATCAATA
BC017612-21,GAGCACGTCCATTCTGCTTTC
BC017612-31,GTGCTCCTCATTGTCGTGTTTG
BC017612-41,GCAACTCAAAGGGAAGCCAAAG
BC017612-51,GTGCTCCTCATTGTCGTGTTT
Akr1e1-11,GATCCTTTCCACATAGAGTATT
Akr1e1-21,GAATATCCAGGTATTTGATTT
Akr1e1-31,GCACTTCGATTGTGCTTACTT
Akr1e1-41,GCCATGAGATGGTTTCAGTAAC
Akr1e1-51,GCCAAAGGAACTTAATAGTGAT
Fut8-11,GCTGGTGTGTAACATCAATAA
Fut8-21,GTGGTCATTTGGTTCGAGATAA
Fut8-31,GCCCATACACAGTACAATAAT
Fut8-41,GCGCAGAATGCAAGTGGATAAA
Fut8-51,GCGAGATAATGACCACCCTGAT
Anubl1-11,GTATGCGTGGTGGACCGATAAG
Anubl1-21,GATACAGTTGCATACAACATAT
Anubl1-31,GTAAGAGTCCTCCCTCATATTG
Anubl1-41,GTTCCTCAGTTGACCCATATAG
Anubl1-51,GATGACAATTGGGAGATTAAC
Dck-11,GCAGAGAAACCTGTATTATTT
Dck-21,GCCTTGAATTGGATGGAATAA
Dck-31,GCGGTGGAAATGTTCTTCAAA
Dck-41,GCTGGATGTTAATGAAGACTTT
Dck-51,GCTCAAGAGGAATTTGAGGAAT
Rgs10-11,GCACACCCTCTGATGTTCCAAA
Rgs10-21,GCAGCGAAGAGAATGTCTTGTT
Rgs10-31,GCCTCCAGAATTTACAACACAT
Rgs10-41,GCTGTCATTTCTTTGTTGTGTT
Rgs10-51,GCTTCTTGAAGTCTGACTTGTT
Kcnn4-11,GATGCTAGGAAGCTTCAGTTAA
Kcnn4-21,GCATGGCCACCACTACACATAT
Kcnn4-31,GTTCATGATGGACATCCATTAT
Kcnn4-41,GAGTTCAACAAGGCGGAGAAAC
Kcnn4-51,GCTGCTCCTGGTTAAGTGTTTG
Slc43a3-11,GCCTGGCATCCTTCATGAATAA
Slc43a3-21,GCCTCGTCATTAAGCTGCTTTA
Slc43a3-31,GCCTTAAACAGAAGTATCAGAA
Slc43a3-41,GCCTACAGATTGGGAACCTCTT
Slc43a3-51,GTCTAGCCTCGATGATGCCTTT
Slc22a15-11,GCGACATCATATCCGCAAATT
Slc22a15-21,GCTGCCTTTAACATTGTTTAT
Slc22a15-31,GTCTACCTGATTAACCAAAGAT
Slc22a15-41,GCCTGTCTTATTGTGATGTTT
Slc22a15-51,GCTGGCCTCATAGAGATTCCAT
Bzw2-11,GAGGTGGTGCTTTACGTCAAAG
Bzw2-21,GCGATACTGAAGTGGTATAAA
Bzw2-31,GCCTGGGATGTATGCTTGTTAT
Bzw2-41,GCTGGGATGTATGCTTGTTATA
Bzw2-51,GACCTTGAAGCTGTAGCCAAAT
Slc41a2-11,GCCGCGCTTCTTGGTCTTAAAG
Slc41a2-21,GTTCACCCTGACTCCGTAAAT
Slc41a2-31,GCTCCTGTCTTGAGACATATTA
Slc41a2-41,GCTGATAACTCTCGCCATATTA
Slc41a2-51,GCCAGTTACTTAACTCACAATA
Sh3bgrl2-11,GCTCTGCCACCTCAGATATTTA
Sh3bgrl2-21,GCCCAGTATTTACATTTCCATA
Sh3bgrl2-31,GAAGGAAAGCAACACAGTCTT
Sh3bgrl2-41,GAAGCCAACAAGATAGAGTTT
Sh3bgrl2-51,GATGTGGTTCGGTTTCTGGAA
Fam46c-11,GCATTGCGCACCCTCCAATTAC
Fam46c-21,GAGTACGACTACCTCATGATTC
Fam46c-31,GACTTTCCAACCTTGGAGATAA
Fam46c-41,GTTCTGCCAGAGGGCGTGAATA
Fam46c-51,GAGCTGAGTTCTCGGTAGATTC
Sh2b2-11,GCCACTCCCATTAGCAGCTATT
Sh2b2-21,GCGGCTGATATCACCCTAAGAA
Sh2b2-31,GAGCAGAATACATCCTGGAAA
Sh2b2-41,GTGGAGAATCAGTACTCCTTT
Sh2b2-51,GATCGGCTGATATCACCCTAA
Gm5465-11,GACCACCTTAGCTGTCTATATT
Gm5465-21,GGCCATTAGTGGCTCAATTAC
Gm5465-31,GTTAGCACTCTAGTTACTTAA
Gm5465-41,GGAGAGGTGTATGGGTATATA
Gm5465-51,GCTACTGAGCAAGCCTATTGT
Sema7a-11,GTGAACATCGGCTCCACAAAG
Sema7a-21,GACTCAGCTGTCTGCGTGTATT
Sema7a-31,GCCATAGCTTTGTCTTCAATAT
Sema7a-41,GCTAAGTACCATTACCAGAAAG
Sema7a-51,GCCATCCAGGCTATATCATTG
Osbpl3-11,GCCTGTAACTTTGCCCACATTT
Osbpl3-21,GCCCGGAAGCAATTTGTCATTT
Osbpl3-31,GCTCGGTTTAGACCAGATCAAA
Osbpl3-41,GCCTCAGTAATGATTTAGACAA
Osbpl3-51,GCCACAAAGTTTACTTCGCTTT
Kpna2-11,GTGCTATCCCAGCGTTTATTT
Kpna2-21,GCGTGGGCTATAACCAACTATA
Kpna2-31,GTACTCAAGCTGCTCGGAAATT
Kpna2-41,GTCCTCTCTAAGGCGGACTTTA
Kpna2-51,GCCGACTTAACAGGTTCAAGAA
Hpse-11,GCGGATGGATTACTTTCCAAAT
Hpse-21,GAGGCAAATAAGTGGAGGATAT
Hpse-31,GCCGGATGGATTACTTTCCAA
Hpse-41,GCCACGATATCAGGAAGGAGAT
Hpse-51,GCCTTGACTACTGCTCTTCCAA
Vwa3b-11,GCTTGGTCCACGTCAACATTA
Vwa3b-21,GCTTCAGTTGCATGGGCTAAA
Vwa3b-31,GCAGCAATAAGATGGTATTAAT
Vwa3b-41,GCAAGGGTATCCAACGAAGAA
Vwa3b-51,GCCCGCCATTGTTATAGCACTT
Troap-11,GGCTCAACGGATACCATTAAA
Troap-21,GTAAGGATACAGCGCATCAATA
Troap-31,GTTTCGATATGACTGAACTAAA
Troap-41,GAGATTGCTATGAAGTTGTTTG
Troap-51,GATTCGACGGAAAGCCCAATTC
Brca1-11,GCCACAGGTAAATCAGGAATTT
Brca1-21,GCCAAGAAGAGGATAGTATAAT
Brca1-31,GTGCTTCCACACCCTACTTAC
Brca1-41,GCCCATCATACTTTAATGTGTA
Brca1-51,GCCTTTGTGTAAGAATGAGATA
Hbb-bh1-11,GGGAAGGCTCCTGATTGTTTA
Hbb-bh1-21,GATTGTCCTTTCTACTCATTT
Hbb-bh1-31,GTTAGAGCCCATGGCAAGAAAG
Hbb-bh1-41,GACAACCTCAAGGAGACCTTTG
Hbb-bh1-51,GCAGAGATTCTTTGACAAGTTT
Ccrl1-11,GCTGTAGCAGACTTGTTACTT
Ccrl1-21,GCAGTACGAAGTGATCTGCATA
Ccrl1-31,GCACACACACACACACACACAA
Ccrl1-41,GCTGCGATATGAGCAAACGCAT
Ccrl1-51,GCATTGACAGATATTGGGCAA
Lmo7-11,GATAATCATTGCCTCGTTAAAT
Lmo7-21,GTAGCAGGTTTGGATAACATAA
Lmo7-31,GATGCCGTGGAACGAGATATAA
Lmo7-41,GACTGCTATCTCCGATTCAAAT
Lmo7-51,GTACCGAAGGCCCATTGATTC
Bard1-11,GACAACGGCCATTGTGATATTT
Bard1-21,GCCACGGGTAAATGGTGAAATA
Bard1-31,GCGAAGTAAGAAGGTTAGATAT
Bard1-41,GTTAAATCCACGTGGTGTATT
Bard1-51,GCTTCTATTAAGGGTGATATA
Ildr1-11,GCGAGCAGATCTTGTGATTAAT
Ildr1-21,GTAATGGTGTCCTGGAATATTT
Ildr1-31,GAGGAAACCTATGGAATATTAT
Ildr1-41,GCAGTATTGCTGCTGCTATAT
Ildr1-51,GCTAATGGTGTCCTGGAATAT
Optn-11,GAAGTCACAAAGAGGAATCTA
Optn-21,GCCATGAAGCTAAATAATCAA
Optn-31,GCTGAAAGAGAACAATGACATT
Optn-41,GAGCTGATGAAGAAGAGACTT
Optn-51,GATAGGGACAAGCTCAGGATT
Pdzd2-11,GCTAGAGTCTGTTGAAGAATAT
Pdzd2-21,GCTGAAGAAACAGCCAGATTT
Pdzd2-31,GTGCGCCATGCAGCTTTAAGTA
Pdzd2-41,GCCTGGAAGTAAATTCTGTGAA
Pdzd2-51,GCAATGACAAACGCCGTTTCT
Fads2-11,GTCCACAAGGACCCGGACATAA
Fads2-21,GCCCACATCATCGTCATGGAAA
Fads2-31,GCGTTTCTTCTACACCTACAT
Fads2-41,GAAGCTGAAATACCTGCCCTA
Fads2-51,GCACCTTTCTGTCTATAAGAAA
Lmnb1-11,GCGAATCTGATGGCCTTAATT
Lmnb1-21,GCCCAGCTAGAAGCATCCTTAT
Lmnb1-31,GCGTCAGATTGAGTATGAGTA
Lmnb1-41,GCTGCTCAATTATGCCAAGAA
Lmnb1-51,GCCCAGATCAAGCTTCGAGAAT
Arhgap8-11,GCCCTGTTACCAAAGAATTTA
Arhgap8-21,GCCCGTGAACTTTGATGATTAT
Arhgap8-31,GCCGTGATCCTGAAGACATTT
Arhgap8-41,GCCCTCATCAGTCACAAGTTTG
Arhgap8-51,GCGACTATACTATTGTCTACTT
Endou-11,GATAAGACCACCTACGGAAAT
Endou-21,GCCTACCTATGCAGCCTTTAT
Endou-31,GACAAGAGTTTGTGGACGATTT
Endou-41,GCAAGAGTTTGTGGACGATTTG
Endou-51,GCTGCCGTAGTTTGAAACATT
Tmem48-11,GGCCGTGGTCATTATAATAAT
Tmem48-21,GATCTCCCGTTTCCTATTATAC
Tmem48-31,GCCCACAATTGGACTGCTATTT
Tmem48-41,GGTCTCCTGAACGTCTCATTA
Tmem48-51,GCAGATGCCCAAATGCATATTT
Gen1-11,GAGTATGGCTAATGCCTATAAT
Gen1-21,GTCCCAGAACTTTGGCTATAAA
Gen1-31,GTGAACGTAATGGATGCATATT
Gen1-41,GATGTTGACTGTTACACGATAT
Gen1-51,GGCATCAGACAGACCATAATA
Ada-11,GAGCCTATGAGGGCGCAGTAAA
Ada-21,GAGCCTCATCCTGTGGATAAAG
Ada-31,GCAAGCCAGAAACCATCTTATA
Ada-41,GCGGTTGTTCGCTTCAAGAAT
Ada-51,GCGAGGATGAAGCTCTCTACAA
Basp1-11,GCACCTGTAGTTCTGTTTATT
Basp1-21,GACGAGAAGGCCAAGGACAAAG
Basp1-31,GCTACAATGTGAACGACGAGAA
Basp1-41,GCCAAGGACAAAGACAAGAAG
Basp1-51,GAAGGCCAAGGACAAAGACAA
Phf19-11,GCCTAGCCAGTATATTCGACTT
Phf19-21,GCTCTCTATAACTTGGGAGTA
Phf19-31,GCCTCAAGTCCTCTATCACCAA
Phf19-41,GCGGGCTATATTACCTTGGCAA
Phf19-51,GCCCTTCAGAAAGGAAGGCTTT
S1pr2-11,GCCTCTACAAAGCCCACTATTT
S1pr2-21,GACCGACATTTCTGGAGGGTAA
S1pr2-31,GCCATCGTGGTGGAGAATCTT
S1pr2-41,GCACCCTTAACTCACTGCTCAA
S1pr2-51,GCCTCTCTATGCTAAGCACTA
Hmgb2-11,GCTACAACTACAGTTAGATTT
Hmgb2-21,GAGAGCGACAAAGCTCGTTATG
Hmgb2-31,GTTGGAGATACTGCGAAGAAAC
Hmgb2-41,GATGTCCTCGTACGCCTTCTTC
Hmgb2-51,GCTGAGCAATCTGCCAAAGATA
Depdc1a-11,GAGTTTGGAGATACGTTATTAT
Depdc1a-21,GCCAAGTAATTCCTCAATATAT
Depdc1a-31,GCCATAGAACTTTCAGAGAAAT
Depdc1a-41,GCCTGCAACTTCTCCACTTAAA
Depdc1a-51,GCGTCTGTGTCTATATGTATAT
8430410A17Rik-11,GCAATGTCAGCTGACCTGAAAG
8430410A17Rik-21,GTATCACCTTCCATCCAGTTTC
8430410A17Rik-31,GTGACAATGGCAGGGATCTTTG
8430410A17Rik-41,GCTACCAACTGTCGTAGTGATA
8430410A17Rik-51,GCATAATGGAGAAGCAGTCATT
Bmpr1a-11,GGGTCGTTACAACCGTGATTT
Bmpr1a-21,GCAATTTGTGCAACCAGTATTT
Bmpr1a-31,GCTGGATGAAAGCCTGAATAA
Bmpr1a-41,GTCAAGACTCCAATCCTGATAA
Bmpr1a-51,GCCCTACTCAAGTTAGCTTAT
Ccnf-11,GCCTACCGTGGTTGACTATAAA
Ccnf-21,GCGACACCATGAGGTACATTC
Ccnf-31,GCTCACAGACAACACGTATAA
Ccnf-41,GTGCTTGGGAAGGGTGCTAAAT
Ccnf-51,GCCTACTAAACGAAGAATCAAA
Arhgap19-11,GCAGCAACATCACAAGGCTTAT
Arhgap19-21,GCTCCAGAACTCAAATGTCAA
Arhgap19-31,GCTGATTGAATATCTGCACAA
Arhgap19-41,GCCAACTGGTATTTGAGGCTTT
Arhgap19-51,GCTTTATTACTTCTGTCCTCTA
Aurkb-11,GCTTCGCCGAGAGATCGAAATC
Aurkb-21,GCCAGCAGAGGATCTACTTAAT
Aurkb-31,GTGCCACAAGAAGAAGGTAATT
Aurkb-41,GCGCATGCATAATGAAATGGTA
Aurkb-51,GCAGCCTTTCACTATTGACAA
Hmgn3-11,GCATCCTCAAGTCACGCAAATA
Hmgn3-21,GATGGAACCAAGCTAACTAAG
Hmgn3-31,GCACAGAGAACTGAATCTATAG
Hmgn3-41,GCGCGAAACCTGTTCCACCAAA
Hmgn3-51,GAGAACCTGGAACAAAGATTAG
Fignl1-11,GTTCGACCAATAGCTTATATT
Fignl1-21,GCTTGACTACTGACTGATATAT
Fignl1-31,GCCAGTACATTGGGACGATATT
Fignl1-41,GTTATCTAGTAGTCGTCTTTA
Fignl1-51,GAGCCAGGAAACAGATAGTAAT
Plxnb2-11,GCGTCTTTCTCCTGAGCAATA
Plxnb2-21,GCCAGTAGACATCAATAAGAAA
Plxnb2-31,GCCCAGCAACAAGCTGTTGTAT
Plxnb2-41,GCCAGGACATGAATACGCACTT
Plxnb2-51,GCCTGCTTAATAGCAAGTCCTT
Lcp2-11,GCAGTAAGTTGAGTCAAGATAT
Lcp2-21,GCCCTTCATACTAGGAAAGAAA
Lcp2-31,GCCATCGTTTCTTATTTGGTTT
Lcp2-41,GCCCTTAGATGAAGAGTGGTAT
Lcp2-51,GCTGTGAAGAAATACCACATT
Ect2-11,GAAAGCGGCACAAGGTTATTG
Ect2-21,GCCACAATCATTCAATTATTT
Ect2-31,GACCAGACTGAGAGCAATTATG
Ect2-41,GAGCAAGGAAATGATCATTAA
Ect2-51,GTCGATTGTTTGATGTACTTAA
Asns-11,GCCCAGAAGTTTCCCTTCAATA
Asns-21,GCTCTGTTACAATGGTGAAAT
Asns-31,GCCCTTATTTGTGGCTCTGTTA
Asns-41,GCGTGAAGAACAATCTGCGTAT
Asns-51,GCGCTATCAAGAAACGCTTGAT
Neil3-11,GCTGAAGATTGGACCTAATAA
Neil3-21,GCCCGTCTCATAAACTCATCAA
Neil3-31,GCTTGAGACTGTTTAATGGATA
Neil3-41,GTCGGGATTTCAGCATTCTCTT
Neil3-51,GCACTCTTTGACAGTGGTCTT
Eaf2-11,GATGTCTCCAACGTCTCTAAT
Eaf2-21,GCCTATCTGATATGCCTTAAAT
Eaf2-31,GCATCTTCAAGTAGTGAGGATA
Eaf2-41,GCAAGATAGATGTCAGTGTTA
Eaf2-51,GATGCTACTTGTCACCGACTT
Dhfr-11,GTAAACAGAATCTGGTGATTA
Dhfr-21,GCCTGAGAAGAATCGACCTTTA
Dhfr-31,GTTTGAAGTCTACGAGAAGAA
Dhfr-41,GACTTATTGAACAACCGGAAT
Dhfr-51,GCTGGTGATTATGGGTAGGAAA
Car13-11,GCAGTCTCCAATTGAGATTAA
Car13-21,GTTGACGACACGGAGGACAAAT
Car13-31,GACCTCTCAGTATCAAGTATG
Car13-41,GTATGTCCAATTGCTAAATAT
Car13-51,GTGGCTGTCCTGGGAGTATTTC
Hmmr-11,GACTGCCTAGTCTTAGGTATAT
Hmmr-21,GACTCTCAGAAGAATGATAAA
Hmmr-31,GCGAGCTACTAAAGGCTAAGTT
Hmmr-41,GCCAGCTACTTGAAACAGAAA
Hmmr-51,GCAGGCATTGTTGAATGAACAT
Anxa2-11,GTATGATGCTTCGGAACTAAA
Anxa2-21,GAGTTATTGACTACGAGCTGAT
Anxa2-31,GCGAGACAAGGTCCTGATTAGA
Anxa2-41,GTTATTGACTACGAGCTGATT
Anxa2-51,GAGCATCAAGAAAGAGGTCAA
Rassf6-11,GCCCTCGGGATTTCGCTCTTTA
Rassf6-21,GCGGATCTTCCTCATGGATAAA
Rassf6-31,GCATGAGAACTGAAGAAGTAAT
Rassf6-41,GCAGAGTAAACAGGCAGCTAAA
Rassf6-51,GTGACCATGAGACATCCATCTT
Gcet2-11,GCCCGTTCAGGACAATGCTAAT
Gcet2-21,GAAGAGTTGTGCTACATCCTT
Gcet2-31,GCTGAGTATTCGGTTCTCCGTT
Gcet2-41,GCCCACGTCAATCATAAATCAA
Gcet2-51,GCTGAGAGACACAAAGAGTCTT
Gm600-11,GCGGACTCAAGTATCTCATAAA
Gm600-21,GCAGCATCACTACCATGTTAA
Gm600-31,GATCAAATATGTGGAAGTGAT
Gm600-41,GCCAGTTCATTCCAAGGCGTTT
Gm600-51,GCTCTGATGCAGCACATAGAT
Top2a-11,GCCTCTCTAATAACAGACTATA
Top2a-21,GCAGACTACATTGCCGTTTAA
Top2a-31,GCTCGCTTTATATTAGAGAAA
Top2a-41,GCCCGAGTTTGAAGAATGGAAA
Top2a-51,GCCAGCAGATTAGCTTCGTCAA
Mybl1-11,GGATTCAGAACTCCTACTATT
Mybl1-21,GCCCTTGTAAAGCTGTCAAATT
Mybl1-31,GCCAAACCCTAACCCTTGTAAA
Mybl1-41,GAGATCCCTGGGTATCAGTATG
Mybl1-51,GCCCACAAAGTTCCTAGCTGTA
Melk-11,GACGCAGAGCAGTGGCAAATAA
Melk-21,GAGTTAGTAAGAACCAGTATAA
Melk-31,GCTGGAGAGATGGTAGCTATAA
Melk-41,GCTGTTAAGTAGAGACTATTTG
Melk-51,GCCTGGGTTTACAAGAGATTA
Shcbp1-11,GATCTGTTGTCTGGTATAAAT
Shcbp1-21,GTCGAGTTCCCTCGGGACTTAT
Shcbp1-31,GCGATGATAAATAACGTCATAC
Shcbp1-41,GTCCATGGTGGAAGGGTTAAAT
Shcbp1-51,GTCTTAAGTATGCTGCTTATAT
Zdhhc2-11,GCATTCAGAAATCCAGTATTT
Zdhhc2-21,GTGACAGATGCCAACTTATAA
Zdhhc2-31,GCTCAAGCCAAGTTCCATATTA
Zdhhc2-41,GCTACTCCTGCGGGACTAAATT
Zdhhc2-51,GCATTGACTATGAACTCATTA
Sqle-11,GAGCCCAATGTAAAGTTTATA
Sqle-21,GCTTGTGTATAAGCATGTAAA
Sqle-31,GCCAGTTCTCATCTACCAGATT
Sqle-41,GCCATCATATACATGGCTACAT
Sqle-51,GCCACGTATTTCTGCTTCAAA
Ube2j1-11,GCTCTTATATTCCGACGAATA
Ube2j1-21,GATCGGGTTTATGCCGACTAAA
Ube2j1-31,GCCATGAAACCACCAAGCATTA
Ube2j1-41,GACATTCTGCATTGGGTATAAT
Ube2j1-51,GCGACGAATATATCTGGCCAAT
Bcat1-11,GCCCAGCACATAGTAGGTATTT
Bcat1-21,GATGGGAGAAACCTCACATTA
Bcat1-31,GCGGACCTCAACATGGATAGAA
Bcat1-41,GCCTTCCAAAGCCCTACTCTTT
Bcat1-51,GCATATTCCAACGATGGAGAA
Rrm2b-11,GCTCACTGGAACAAGCTTAAAT
Rrm2b-21,GCATGGCCGAAACCACAGATAA
Rrm2b-31,GCTGGATCATTTGCTGCAATAT
Rrm2b-41,GAAACTTTCAGTATCTCATTT
Rrm2b-51,GAGATGTACAGTTTACTAATA
Rrm2-11,GCGAGTGATGGCATAGTCAAT
Rrm2-21,GCGTTGTCTTTCCCATCGAGTA
Rrm2-31,GCTCCTTATTGACACTTACATT
Rrm2-41,GCCATGATATCTGGCAGATGTA
Rrm2-51,GTCTCACTAGAAGGAAAGACAA
Tspan32-11,GTCTATGGCATCAGGAACATAA
Tspan32-21,GATGTTGAGGTCAACCAATTTC
Tspan32-31,GCTGTGGACACACTACAGTATT
Tspan32-41,GATCCTCAAAGGAGTAGATAA
Tspan32-51,GACACCTATGACTTCGTGTAT
Gpr174-11,GCTAGCCATTGCTGACTTATTA
Gpr174-21,GCTGTCTTGACCCAGTTATATA
Gpr174-31,GATATTAGCCTTATGGGTATTT
Gpr174-41,GTGATAATACTGCGCACATATT
Gpr174-51,GTGCATCAGTGTGCGAAGATTT
CD97-11,GCGTCTGTAACCTGGGATATA
CD97-21,GTCTGTAACCTGGGATATAAG
CD97-31,GATTCCGAGTGTCTCACTTAA
CD97-41,GTCACGTTCAAGTTCGACTTTA
CD97-51,GATGAAGGACAGCAGCACATAC
CD200-11,GTACTGGAAACGTCACCGAAAT
CD200-21,GTCTGTTGTAGGACTTGATTT
CD200-31,GTAATCCAGCCTGCCTACAAAG
CD200-41,GCAGAGTCTGGACAAAGGATTT
CD200-51,GCATCCTTACGATGTTCTCTA
